01	Kmc09aTiA3w	Module 1 Supervised Learning Part 1 | Amazon ML Summer School 2026	2003
02	0oFJgieacFQ	Module 1 Supervised Learning Part 2 | Amazon ML Summer School 2026	2440
03	wIeQ-BwtDF0	Module 1 Supervised Learning Part 3 | Amazon ML Summer School 2026	3583
04	2ozcZN4oBUo	Module 2 Deep Neural Network Part 1 | Amazon ML Summer School 2026	2652
05	Z1K8pmCRlLA	Module 2 Deep Neural Network Part 2 | Amazon ML Summer School 2026	2889
06	7cXoDx5kujM	Module 2 Deep Neural Network Part 3 | Amazon ML Summer School 2026	3447
07	cN_r6piA3PU	Module 3 Dimensionality Reduction Part 1 | Amazon ML Summer School 2026	3455
08	8uOGSwMxkjc	Module 3 Dimensionality Reduction Part 2 | Amazon ML Summer School 2026	2713
09	8VKk1at2wSk	Module 3 Dimensionality Reduction Part 3 | Amazon ML Summer School 2026	3390
10	CWfgSOx3ngc	Module 4 Unsupervised Learning Part 1 | Amazon ML Summer School 2026	3776
11	9Tt5QVWVjEU	Module 4 Unsupervised Learning Part 2 | Amazon ML Summer School 2026	3137
12	wX4QaCHcqqs	Module 4 Unsupervised Learning Part 3 | Amazon ML Summer School 2026	2998
13	uMB483syr98	Module 4 Unsupervised Learning Part 4 | Amazon ML Summer School 2026	2440
14	0BkBHSOgTrs	Module 5 Generative AI and LLMs Part 1 | Amazon ML Summer School 2026	2124
15	35R4rlqiAVU	Module 5 Generative AI and LLMs Part 2 | Amazon ML Summer School 2026	1871
16	xy6ZrmXq_NU	Module 5 Generative AI and LLMs Part 3 | Amazon ML Summer School 2026	3141
17	_fzLiDOIUQs	Module 5 Generative AI and LLMs Part 4 | Amazon ML Summer School 2026	2360
18	4F04FVNcRg0	Module 6  Sequential Learning Part 1 | Amazon ML Summer School 2026	3445
19	zGHdla5q3aU	Module 6  Sequential Learning Part 2 | Amazon ML Summer School 2026	4321
20	_zTsIeyS3Co	Module 6  Sequential Learning Part 3 | Amazon ML Summer School 2026	3826
21	bvPtte86Tro	Module 7 Causal Inference Part 1 | Amazon ML Summer School 2026	3204
22	uiyhJqVwLcM	Module 7 Causal Inference Part 2 | Amazon ML Summer School 2026	3421
23	Yt8Zvr4lWF8	Module 7 Causal Inference Part 3 | Amazon ML Summer School 2026	4856
24	M8f25dEHwJQ	Module 8 Reinforcement Learning Part 1 | Amazon ML Summer School 2026	3183
25	OLi2JrQog6o	Module 8 Reinforcement Learning Part 2 | Amazon ML Summer School 2026	3379
26	UWJhIwOjKtg	Module 8 Reinforcement Learning Part 3 | Amazon ML Summer School 2026	2450
27	oe3peawtJPo	Bonus Module Agentic AI Part 1 | Amazon ML Summer School 2026	1932
28	hMU6VLneOcA	Bonus Module Agentic AI Part 2 | Amazon ML Summer School 2026	1880
29	_BtFJWm4veE	Bonus Module Agentic AI Part 3 | Amazon ML Summer School 2026	3073
